Workbook

Sheet ALL_genes_RPKM
A1: Table S2. Transcript levels of different gene set in different reprogramming stages
A3: (i) All genes (RPKM)
A5: name | B5: MEFs | C5: 48h | D5: pre-i#1 | E5: pre-i#2 | F5: ESCs | G5: 48h_OSKMFra1 | H5: 48h_OSKMcJun | I5: 48h_OSKMEsrrb | J5: MEFs_Oct4 | K5: MEFs_Sox2 | L5: MEFs_Klf4
A6: 0610005C13Rik | B6: 0.0022365225 | C6: 0.029063262 | D6: 0.062418827 | E6: 0.33364314 | F6: 0.9752199 | G6: 0 | H6: 0 | I6: 0 | J6: 0 | K6: 0 | L6: 0
A7: 0610007C21Rik | B7: 40.933417 | C7: 63.428799 | D7: 37.312559 | E7: 37.915193 | F7: 15.711864 | G7: 68.658158 | H7: 75.420018 | I7: 58.25165 | J7: 73.830292 | K7: 53.206401 | L7: 70.862123
A8: 0610007L01Rik | B8: 17.874344 | C8: 14.516952 | D8: 23.987201 | E8: 51.422088 | F8: 22.439229 | G8: 20.588104 | H8: 20.140899 | I8: 21.395854 | J8: 19.445044 | K8: 17.872277 | L8: 18.718614
A9: 0610007P08Rik | B9: 6.6977647 | C9: 6.4875605 | D9: 6.8223723 | E9: 3.3497628 | F9: 11.272171 | G9: 4.4250008 | H9: 3.2421838 | I9: 7.2389633 | J9: 4.4852089 | K9: 4.5462221 | L9: 6.0415098
A10: 0610007P14Rik | B10: 30.741472 | C10: 33.094299 | D10: 23.374191 | E10: 9.687758 | F10: 38.675245 | G10: 30.458951 | H10: 31.195504 | I10: 22.452199 | J10: 29.598182 | K10: 35.577342 | L10: 23.531782
A11: 0610007P22Rik | B11: 19.694307 | C11: 23.146586 | D11: 25.007923 | E11: 18.147334 | F11: 26.536871 | G11: 25.180132 | H11: 27.8303 | I11: 18.261971 | J11: 19.356675 | K11: 16.878855 | L11: 23.226358
A12: 0610008F07Rik | B12: 0 | C12: 0 | D12: 0.0046153897 | E12: 0 | F12: 0 | G12: 0 | H12: 0 | I12: 0 | J12: 0 | K12: 0 | L12: 0
A13: 0610009B14Rik | B13: 0 | C13: 0 | D13: 0 | E13: 0 | F13: 0.021659456 | G13: 0 | H13: 0 | I13: 0 | J13: 0 | K13: 0 | L13: 0
A14: 0610009B22Rik | B14: 18.787194 | C14: 24.498684 | D14: 20.520772 | E14: 11.968136 | F14: 36.624162 | G14: 17.543516 | H14: 18.190565 | I14: 18.561875 | J14: 17.849286 | K14: 16.800434 | L14: 20.454657
A15: 0610009D07Rik | B15: 56.173196 | C15: 55.147852 | D15: 92.493031 | E15: 16.184832 | F15: 81.028526 | G15: 44.976897 | H15: 49.686388 | I15: 47.859191 | J15: 51.160755 | K15: 52.851279 | L15: 47.395832
A16: 0610009L18Rik | B16: 0.98915717 | C16: 1.4367299 | D16: 0.42741939 | E16: 0.50396824 | F16: 0.19056822 | G16: 1.2380031 | H16: 1.3824071 | I16: 0.99733673 | J16: 1.622007 | K16: 2.8001069 | L16: 1.2329125
A17: 0610009O20Rik | B17: 10.863186 | C17: 13.846855 | D17: 17.637958 | E17: 16.441293 | F17: 16.253663 | G17: 17.054214 | H17: 15.91108 | I17: 23.335825 | J17: 14.645472 | K17: 11.684321 | L17: 15.36016
... A22613: Zzz3 | B22613: 12.953994 | C22613: 11.284869 | D22613: 14.953195 | E22613: 7.8762059 | F22613: 13.823524 | G22613: 9.3541888 | H22613: 7.8228054 | I22613: 10.941582 | J22613: 10.536037 | K22613: 9.5534668 | L22613: 8.35261

Sheet Up-regulated genes 48h
A1: (ii) for genes up-regulated at 48hrs (RPKM)
A3: Up-regulated genes at 48h of OSKM induction
A4: name | B4: chr | C4: TSS_start | D4: TSS_stop | E4: strand | F4: MEFs | G4: 48h | H4: pre-iPSC#1 | I4: pre-iPSC#2 | J4: ESCs | K4: pvalue | L4: padj
A5: Tdh | B5: chr14 | C5: 64127928 | D5: 64127929 | E5: - | F5: 0 | G5: 2.4018213 | H5: 23.745923 | I5: 5.2904876 | J5: 228.13849 | K5: 6.2302976e-09 | L5: 1.4376914e-06
A6: Usp50 | B6: chr2 | C6: 126609195 | D6: 126609196 | E6: - | F6: 0 | G6: 1.7603558 | H6: 1.3711193 | I6: 0.78524479 | J6: 0.58175713 | K6: 8.3620384e-13 | L6: 5.4379856e-10
A7: Fgf4 | B7: chr7 | C7: 152047291 | D7: 152047292 | E7: + | F7: 0 | G7: 3.5211436 | H7: 53.229121 | I7: 13.219536 | J7: 83.527698 | K7: 3.84492e-15 | L7: 3.4380794e-12
A8: Pllp | B8: chr8 | C8: 97220141 | D8: 97220142 | E8: - | F8: 0.014612578 | G8: 17.954634 | H8: 7.9051291 | I8: 3.0551574 | J8: 0.94531314 | K8: 1.790038e-18 | L8: 2.8455638e-15
A9: Tmprss5 | B9: chr9 | C9: 48889365 | D9: 48889366 | E9: + | F9: 0.0024481739 | G9: 4.9600355 | H9: 17.385115 | I9: 10.256516 | J9: 0.74804999 | K9: 2.4826336e-10 | L9: 8.3687272e-08
A10: L1td1 | B10: chr4 | C10: 98393425 | D10: 98393426 | E10: + | F10: 0.0025588493 | G10: 5.1822502 | H10: 131.61712 | I10: 77.819428 | J10: 247.79457 | K10: 4.5814919e-10 | L10: 1.3524263e-07
A11: Insm1 | B11: chr2 | C11: 146047657 | D11: 146047658 | E11: + | F11: 0.00083037003 | G11: 1.4832073 | H11: 4.5834394 | I11: 0.15484266 | J11: 0.87490728 | K11: 2.3726562e-14 | L11: 1.9967995e-11
A12: Aldh3a1 | B12: chr11 | C12: 61021039 | D12: 61021040 | E12: + | F12: 0.053762012 | G12: 49.053367 | H12: 14.495215 | I12: 247.68647 | J12: 0.75841457 | K12: 3.5367311e-07 | L12: 5.0099022e-05
A13: Scg5 | B13: chr2 | C13: 113669277 | D13: 113669278 | E13: - | F13: 0.030676996 | G13: 6.9243043 | H13: 10.955683 | I13: 1.9322479 | J13: 0.14586505 | K13: 2.3366523e-10 | L13: 8.1537767e-08
A14: Sprr2b | B14: chr3 | C14: 92120627 | D14: 92120628 | E14: + | F14: 0.0035899546 | G14: 1.8151441 | H14: 8.7500658 | I14: 0 | J14: 0 | K14: 3.7933699e-05 | L14: 0.0025071178
A15: Sostdc1 | B15: chr12 | C15: 37040756 | D15: 37040757 | E15: + | F15: 0.017197338 | G15: 7.1614134 | H15: 0.0088881178 | I15: 0 | J15: 0.0092921664 | K15: 1.7319747e-07 | L15: 2.5029658e-05
A16: Ehf | B16: chr2 | C16: 103143434 | D16: 103143435 | E16: - | F16: 0.0017160097 | G16: 0.58451141 | H16: 54.850417 | I16: 99.95118 | J16: 0.058413879 | K16: 2.176511e-11 | L16: 1.0379781e-08
... A376: Sun1 | B376: chr5 | C376: 139676591 | D376: 139676592 | E376: + | F376: 22.044913 | G376: 29.634295 | H376: 33.326739 | I376: 66.575297 | J376: 32.574262 | K376: 0.00037849324 | L376: 0.014065202

Sheet Down-regulated genes 48h
A1: (iii) for genes down-regulated at 48hrs (RPKM)
A3: Down-regulated genes at 48h of OSKM induction
A4: name | B4: chr | C4: TSS_start | D4: TSS_stop | E4: strand | F4: MEFs | G4: 48h | H4: pre-iPSC#1 | I4: pre-iPSC#2 | J4: ESCs | K4: pvalue | L4: padj
A5: AA467197 | B5: chr2 | C5: 122462722 | D5: 122462723 | E5: + | F5: 4.7090051 | G5: 0.092639147 | H5: 0.94837605 | I5: 0.048743178 | J5: 2.1228027 | K5: 0.0013729105 | L5: 0.036240277
A6: Prl3a1 | B6: chr13 | C6: 27351305 | D6: 27351306 | E6: + | F6: 1.9241176 | G6: 0.043934946 | H6: 0 | I6: 0 | J6: 0 | K6: 0.0010039046 | L6: 0.029311965
A7: Olr1 | B7: chr6 | C7: 129457182 | D7: 129457183 | E7: - | F7: 5.966103 | G7: 0.20937278 | H7: 0.035985293 | I7: 0.017486342 | J7: 0.2131866 | K7: 0.001324566 | L7: 0.035289695
A8: Lrrc3b | B8: chr14 | C8: 16271500 | D8: 16271501 | E8: - | F8: 0.3098931 | G8: 0.0071432595 | H8: 0.0023438395 | I8: 0 | J8: 0.12006906 | K8: 0.0021409159 | L8: 0.049643573
A9: Myh11 | B9: chr16 | C9: 14291500 | D9: 14291501 | E9: - | F9: 10.764748 | G9: 0.39558815 | H9: 0.029920002 | I9: 0.042334244 | J9: 0.34653497 | K9: 8.600019e-05 | L9: 0.0047505974
A10: Heyl | B10: chr4 | C10: 122910799 | D10: 122910800 | E10: + | F10: 3.939591 | G10: 0.14259724 | H10: 0.35284818 | I10: 0.020650243 | J10: 0.045774479 | K10: 0.0014541535 | L10: 0.037418298
A11: Gabrb1 | B11: chr5 | C11: 72091171 | D11: 72091172 | E11: + | F11: 1.9980587 | G11: 0.079689588 | H11: 0 | I11: 0.033543692 | J11: 0.028429783 | K11: 0.0016630597 | L11: 0.041198551
A12: Cnn1 | B12: chr9 | C12: 21903725 | D12: 21903726 | E12: + | F12: 213.30473 | G12: 10.097341 | H12: 0.81065941 | I12: 0.21979812 | J12: 9.0872068 | K12: 1.6074885e-05 | L12: 0.0013067237
A13: Gabra4 | B13: chr5 | C13: 72049546 | D13: 72049547 | E13: - | F13: 1.2154325 | G13: 0.067586358 | H13: 0.0066057276 | I13: 0 | J13: 0.07103335 | K13: 1.1233577e-05 | L13: 0.00095099877
A14: Crispld2 | B14: chr8 | C14: 122516338 | D14: 122516339 | E14: + | F14: 36.771159 | G14: 1.840818 | H14: 0.2175083 | I14: 2.4956507 | J14: 1.675086 | K14: 6.7620499e-05 | L14: 0.0038853272
A15: Adra2a | B15: chr19 | C15: 54119672 | D15: 54119673 | E15: + | F15: 2.5093782 | G15: 0.11542726 | H15: 0.12078697 | I15: 0.057450523 | J15: 0.1455406 | K15: 0.0018877208 | L15: 0.04508785
A16: Htr2a | B16: chr14 | C16: 75040647 | D16: 75040648 | E16: + | F16: 6.543303 | G16: 0.3991185 | H16: 0.079884613 | I16: 0.06300027 | J16: 0.42579531 | K16: 5.6751121e-06 | L16: 0.0005547456
... A241: Sdc1 | B241: chr12 | C241: 8778129 | D241: 8778130 | E241: + | F241: 79.395217 | G241: 73.874627 | H241: 47.896237 | I241: 36.289423 | J241: 15.330872 | K241: 0.00010646266 | L241: 0.0055793451

Sheet MEF specific genes
A1: (iv) for MEF-specific genes (RPKM)
A3: gene name | B3: MEFs | C3: 48h | D3: pre-iPSC#1 | E3: pre-iPSC#2 | F3: ESCs
A4: Col1a1 | B4: 2596.8459 | C4: 988.77938 | D4: 11.925743 | E4: 20.14635 | F4: 28.398194
A5: Col1a2 | B5: 2398.1234 | C5: 1521.8986 | D5: 11.012637 | E5: 9.2561807 | F5: 30.729985
A6: Col3a1 | B6: 1126.3135 | C6: 640.39424 | D6: 4.2103428 | E6: 4.9731357 | F6: 6.5459563
A7: Postn | B7: 975.67215 | C7: 272.83311 | D7: 2.8599252 | E7: 0.95622428 | F7: 7.713096
A8: Col5a2 | B8: 927.21317 | C8: 339.21898 | D8: 5.0547707 | E8: 5.0743011 | F8: 19.352525
A9: H19 | B9: 586.80203 | C9: 482.73306 | D9: 2.5085446 | E9: 5.4875685 | F9: 6.4880118
A10: Col5a1 | B10: 544.45086 | C10: 221.74544 | D10: 3.2980349 | E10: 4.5371417 | F10: 11.166903
A11: Penk | B11: 305.42439 | C11: 263.82369 | D11: 1.7469904 | E11: 0.46395773 | F11: 1.5268076
A12: Igf2 | B12: 388.93823 | C12: 175.24212 | D12: 1.550431 | E12: 2.5112633 | F12: 6.2176598
A13: Col12a1 | B13: 290.13612 | C13: 163.91549 | D13: 1.2731196 | E13: 1.5064021 | F13: 5.0180076
A14: Eln | B14: 232.99255 | C14: 61.023349 | D14: 0.2716647 | E14: 0.23926828 | F14: 0.66162449
A15: Ogn | B15: 231.02877 | C15: 243.18082 | D15: 0.45494478 | E15: 0.049126982 | F15: 1.0857732
... A398: Fbln7 | B398: 1.3741628 | C398: 2.5364465 | D398: 0.034774875 | E398: 0.085790674 | F398: 0.10207568

Sheet ESC specific genes
A1: (v) for ESC-specific genes (RPKM)
A3: gene name | B3: MEFs | C3: 48h | D3: pre-iPSC#1 | E3: pre-iPSC#2 | F3: ESCs
A4: Dppa5a | B4: 0.011781119 | C4: 0.0092784122 | D4: 4.5970799 | E4: 0.097638916 | F4: 2000.3142
A5: Tdgf1 | B5: 0 | C5: 0.019998902 | D5: 29.654277 | E5: 116.41297 | F5: 419.61345
A6: Utf1 | B6: 0 | C6: 0 | D6: 0.16099753 | E6: 0 | F6: 387.84302
A7: Chchd10 | B7: 2.7449633 | C7: 11.085427 | D7: 26.488452 | E7: 8.9177392 | F7: 277.45807
A8: Zfp42 | B8: 0 | C8: 0.0049380111 | D8: 1.1817063 | E8: 0.086606424 | F8: 208.64471
A9: Sox2 | B9: 0.33104176 | C9: 40.81192 | D9: 180.61364 | E9: 139.3261 | F9: 165.67376
A10: Trh | B10: 0.0054512199 | C10: 0.57314183 | D10: 7.7759124 | E10: 0.24848079 | F10: 161.1801
A11: Dnmt3l | B11: 0.033280879 | C11: 0.042461657 | D11: 0.0495377 | E11: 0.016549408 | F11: 130.53367
A12: Nr0b1 | B12: 0 | C12: 0.054530066 | D12: 35.222995 | E12: 0.069555482 | F12: 141.048
A13: Esrrb | B13: 0.0076025309 | C13: 0.0070566933 | D13: 0.025259296 | E13: 0.027003362 | F13: 124.38581
A14: Mylpf | B14: 1.4956559 | C14: 0.88344617 | D14: 3.220839 | E14: 1.9832986 | F14: 151.14402
A15: Ifitm1 | B15: 0.85438354 | C15: 76.938135 | D15: 170.48999 | E15: 271.92194 | F15: 127.23015
... A345: Dnahc8 | B345: 0.0072271745 | C345: 0.029882366 | D345: 0.37805843 | E345: 0.0085567123 | F345: 1.8244855

Sheet ESC-super enh_associated genes
A1: (vi) for genes associated with ESC super enhancers (RPKM)
A3: gene name | B3: MEFs | C3: 48h | D3: pre-iPSC#1 | E3: pre-iPSC#2 | F3: ESCs
A4: 1700012A03Rik | B4: =VLOOKUP($A$4:$A$338,ALL_genes_RPKM!$A$6:$F$22613,2,FALSE) -> 0 | C4: =VLOOKUP($A$4:$A$338,ALL_genes_RPKM!$A$6:$F$22613,3,FALSE) -> 0 | D4: =VLOOKUP($A$4:$A$338,ALL_genes_RPKM!$A$6:$F$22613,4,FALSE) -> 0 | E4: =VLOOKUP($A$4:$A$338,ALL_genes_RPKM!$A$6:$F$22613,5,FALSE) -> 0 | F4: =VLOOKUP($A$4:$A$338,ALL_genes_RPKM!$A$6:$F$22613,6,FALSE) -> 0
A5: 1700106J16Rik | B5: =VLOOKUP($A$4:$A$338,ALL_genes_RPKM!$A$6:$F$22613,2,FALSE) -> 0 | C5: =VLOOKUP($A$4:$A$338,ALL_genes_RPKM!$A$6:$F$22613,3,FALSE) -> 0 | D5: =VLOOKUP($A$4:$A$338,ALL_genes_RPKM!$A$6:$F$22613,4,FALSE) -> 0.0031917749 | E5: =VLOOKUP($A$4:$A$338,ALL_genes_RPKM!$A$6:$F$22613,5,FALSE) -> 0 | F5: =VLOOKUP($A$4:$A$338,ALL_genes_RPKM!$A$6:$F$22613,6,FALSE) -> 0.0033368711
A6: 1810013L24Rik | B6: =VLOOKUP($A$4:$A$338,ALL_genes_RPKM!$A$6:$F$22613,2,FALSE) -> 19.767051 | C6: =VLOOKUP($A$4:$A$338,ALL_genes_RPKM!$A$6:$F$22613,3,FALSE) -> 16.064365 | D6: =VLOOKUP($A$4:$A$338,ALL_genes_RPKM!$A$6:$F$22613,4,FALSE) -> 16.515255 | E6: =VLOOKUP($A$4:$A$338,ALL_genes_RPKM!$A$6:$F$22613,5,FALSE) -> 15.858163 | F6: =VLOOKUP($A$4:$A$338,ALL_genes_RPKM!$A$6:$F$22613,6,FALSE) -> 19.516513
A7: 2310044G17Rik | B7: =VLOOKUP($A$4:$A$338,ALL_genes_RPKM!$A$6:$F$22613,2,FALSE) -> 7.8405976 | C7: =VLOOKUP($A$4:$A$338,ALL_genes_RPKM!$A$6:$F$22613,3,FALSE) -> 7.5015647 | D7: =VLOOKUP($A$4:$A$338,ALL_genes_RPKM!$A$6:$F$22613,4,FALSE) -> 10.403341 | E7: =VLOOKUP($A$4:$A$338,ALL_genes_RPKM!$A$6:$F$22613,5,FALSE) -> 5.3844131 | F7: =VLOOKUP($A$4:$A$338,ALL_genes_RPKM!$A$6:$F$22613,6,FALSE) -> 10.880883
A8: 2410131K14Rik | B8: =VLOOKUP($A$4:$A$338,ALL_genes_RPKM!$A$6:$F$22613,2,FALSE) -> 5.9623579 | C8: =VLOOKUP($A$4:$A$338,ALL_genes_RPKM!$A$6:$F$22613,3,FALSE) -> 4.800859 | D8: =VLOOKUP($A$4:$A$338,ALL_genes_RPKM!$A$6:$F$22613,4,FALSE) -> 7.0660528 | E8: =VLOOKUP($A$4:$A$338,ALL_genes_RPKM!$A$6:$F$22613,5,FALSE) -> 4.1360503 | F8: =VLOOKUP($A$4:$A$338,ALL_genes_RPKM!$A$6:$F$22613,6,FALSE) -> 5.9917794
A9: 2410137M14Rik | B9: =VLOOKUP($A$4:$A$338,ALL_genes_RPKM!$A$6:$F$22613,2,FALSE) -> 0.020307107 | C9: =VLOOKUP($A$4:$A$338,ALL_genes_RPKM!$A$6:$F$22613,3,FALSE) -> 0.027416903 | D9: =VLOOKUP($A$4:$A$338,ALL_genes_RPKM!$A$6:$F$22613,4,FALSE) -> 9.1669324 | E9: =VLOOKUP($A$4:$A$338,ALL_genes_RPKM!$A$6:$F$22613,5,FALSE) -> 8.2587285 | F9: =VLOOKUP($A$4:$A$338,ALL_genes_RPKM!$A$6:$F$22613,6,FALSE) -> 6.3671589
A10: 2610034B18Rik | B10: =VLOOKUP($A$4:$A$338,ALL_genes_RPKM!$A$6:$F$22613,2,FALSE) -> 15.263086 | C10: =VLOOKUP($A$4:$A$338,ALL_genes_RPKM!$A$6:$F$22613,3,FALSE) -> 20.858399 | D10: =VLOOKUP($A$4:$A$338,ALL_genes_RPKM!$A$6:$F$22613,4,FALSE) -> 40.006915 | E10: =VLOOKUP($A$4:$A$338,ALL_genes_RPKM!$A$6:$F$22613,5,FALSE) -> 69.933069 | F10: =VLOOKUP($A$4:$A$338,ALL_genes_RPKM!$A$6:$F$22613,6,FALSE) -> 2.8514495
A11: 4921524J17Rik | B11: =VLOOKUP($A$4:$A$338,ALL_genes_RPKM!$A$6:$F$22613,2,FALSE) -> 27.587428 | C11: =VLOOKUP($A$4:$A$338,ALL_genes_RPKM!$A$6:$F$22613,3,FALSE) -> 18.591486 | D11: =VLOOKUP($A$4:$A$338,ALL_genes_RPKM!$A$6:$F$22613,4,FALSE) -> 22.43964 | E11: =VLOOKUP($A$4:$A$338,ALL_genes_RPKM!$A$6:$F$22613,5,FALSE) -> 8.7817176 | F11: =VLOOKUP($A$4:$A$338,ALL_genes_RPKM!$A$6:$F$22613,6,FALSE) -> 19.277326
A12: 4930444G20Rik | B12: =VLOOKUP($A$4:$A$338,ALL_genes_RPKM!$A$6:$F$22613,2,FALSE) -> 0.029721908 | C12: =VLOOKUP($A$4:$A$338,ALL_genes_RPKM!$A$6:$F$22613,3,FALSE) -> 0.040127955 | D12: =VLOOKUP($A$4:$A$338,ALL_genes_RPKM!$A$6:$F$22613,4,FALSE) -> 0.11850072 | E12: =VLOOKUP($A$4:$A$338,ALL_genes_RPKM!$A$6:$F$22613,5,FALSE) -> 0.38708626 | F12: =VLOOKUP($A$4:$A$338,ALL_genes_RPKM!$A$6:$F$22613,6,FALSE) -> 0.036707464
A13: 6430531B16Rik | B13: =VLOOKUP($A$4:$A$338,ALL_genes_RPKM!$A$6:$F$22613,2,FALSE) -> 0.11023109 | C13: =VLOOKUP($A$4:$A$338,ALL_genes_RPKM!$A$6:$F$22613,3,FALSE) -> 0.14043488 | D13: =VLOOKUP($A$4:$A$338,ALL_genes_RPKM!$A$6:$F$22613,4,FALSE) -> 0.12734659 | E13: =VLOOKUP($A$4:$A$338,ALL_genes_RPKM!$A$6:$F$22613,5,FALSE) -> 0.61800136 | F13: =VLOOKUP($A$4:$A$338,ALL_genes_RPKM!$A$6:$F$22613,6,FALSE) -> 0.45196065
A14: 6430573F11Rik | B14: =VLOOKUP($A$4:$A$338,ALL_genes_RPKM!$A$6:$F$22613,2,FALSE) -> 0.090750117 | C14: =VLOOKUP($A$4:$A$338,ALL_genes_RPKM!$A$6:$F$22613,3,FALSE) -> 0.18517677 | D14: =VLOOKUP($A$4:$A$338,ALL_genes_RPKM!$A$6:$F$22613,4,FALSE) -> 0.43065 | E14: =VLOOKUP($A$4:$A$338,ALL_genes_RPKM!$A$6:$F$22613,5,FALSE) -> 0.34186996 | F14: =VLOOKUP($A$4:$A$338,ALL_genes_RPKM!$A$6:$F$22613,6,FALSE) -> 0.33432706
A15: AU018091 | B15: =VLOOKUP($A$4:$A$338,ALL_genes_RPKM!$A$6:$F$22613,2,FALSE) -> 0.008005557 | C15: =VLOOKUP($A$4:$A$338,ALL_genes_RPKM!$A$6:$F$22613,3,FALSE) -> 0.028372082 | D15: =VLOOKUP($A$4:$A$338,ALL_genes_RPKM!$A$6:$F$22613,4,FALSE) -> 7.4249681 | E15: =VLOOKUP($A$4:$A$338,ALL_genes_RPKM!$A$6:$F$22613,5,FALSE) -> 24.48242 | F15: =VLOOKUP($A$4:$A$338,ALL_genes_RPKM!$A$6:$F$22613,6,FALSE) -> 37.72482
... A338: Zfp710 | B338: =VLOOKUP($A$4:$A$338,ALL_genes_RPKM!$A$6:$F$22613,2,FALSE) -> 3.7679858 | C338: =VLOOKUP($A$4:$A$338,ALL_genes_RPKM!$A$6:$F$22613,3,FALSE) -> 4.6420255 | D338: =VLOOKUP($A$4:$A$338,ALL_genes_RPKM!$A$6:$F$22613,4,FALSE) -> 6.704152 | E338: =VLOOKUP($A$4:$A$338,ALL_genes_RPKM!$A$6:$F$22613,5,FALSE) -> 12.067768 | F338: =VLOOKUP($A$4:$A$338,ALL_genes_RPKM!$A$6:$F$22613,6,FALSE) -> 23.030514

Sheet 48h_OSKMEsrrb_Upregulated
A1: (vii) for genes upregulated at 48hrs OSKM/Esrrb expressing cells compared to 48h OSKM expressing cells (RPKM)
A3: name | B3: MEFs | C3: 48h | D3: 48h_OSKMEsrrb | E3: pre-iPSC#1 | F3: pre-iPSC#2 | G3: ESCs | H3: pvalue | I3: padj
A4: Hsp90aa1 | B4: 289.38062 | C4: 241.94303 | D4: 493.66454 | E4: 502.47224 | F4: 131.963 | G4: 2037.1199 | H4: 3.3188405e-07 | I4: 5.2813688e-06
A5: Pkm2 | B5: 567.24541 | C5: 751.99455 | D5: 1859.6495 | E5: 1579.7215 | F5: 2451.2624 | G5: 1625.982 | H5: 9.8683066e-16 | I5: 1.101383e-13
A6: Mt2 | B6: 30.645105 | C6: 216.74095 | D6: 2526.3557 | E6: 59.796151 | F6: 17.281035 | G6: 931.82743 | H6: 2.8565718e-21 | I6: 6.8383846e-19
A7: Slc25a5 | B7: 178.01383 | C7: 222.81286 | D7: 509.33344 | E7: 446.89211 | F7: 194.43095 | G7: 540.45148 | H7: 6.3967447e-09 | I7: 1.6391976e-07
A8: Pgam1 | B8: 252.05417 | C8: 260.86698 | D8: 665.02899 | E8: 352.94965 | F8: 196.28388 | G8: 531.26075 | H8: 4.4761948e-13 | I8: 2.8881948e-11
A9: Cox4i1 | B9: 292.10789 | C9: 395.15412 | D9: 837.43815 | E9: 378.3677 | F9: 484.612 | G9: 450.0949 | H9: 6.4007897e-09 | I9: 1.6391976e-07
A10: Mt1 | B10: 42.103848 | C10: 230.07325 | D10: 695.53998 | E10: 84.067987 | F10: 137.84787 | G10: 425.30164 | H10: 8.6127443e-08 | I10: 1.6240332e-06
A11: Chchd10 | B11: 2.7449633 | C11: 11.085427 | D11: 190.74286 | E11: 26.488452 | F11: 8.9177392 | G11: 277.45807 | H11: 6.369143e-15 | I11: 6.0510703e-13
A12: Cox6a1 | B12: 213.98923 | C12: 289.18153 | D12: 693.60964 | E12: 382.98935 | F12: 795.98615 | G12: 267.9762 | H12: 3.4669559e-11 | I12: 1.5030755e-09
A13: Cox5a | B13: 128.97551 | C13: 165.13544 | D13: 705.67195 | E13: 203.04553 | F13: 95.345037 | G13: 239.89706 | H13: 4.7010057e-16 | I13: 5.7096479e-14
A14: Nars | B14: 175.16975 | C14: 85.542918 | D14: 287.67901 | E14: 210.74045 | F14: 227.62218 | G14: 229.2341 | H14: 3.3131677e-13 | I14: 2.2337512e-11
A15: Nhp2 | B15: 49.020354 | C15: 56.997804 | D15: 115.18313 | E15: 213.50039 | F15: 254.28792 | G15: 224.59563 | H15: 6.3346692e-06 | I15: 6.8794258e-05
... A766: Sucnr1 | B766: 0.0031946254 | C766: 0.054722551 | D766: 2.4338612 | E766: 0.33682063 | F766: 0 | G766: 0 | H766: 6.2795734e-18 | I766: 1.0584285e-15

Sheet 48h_OSKMEsrrb_Downregulated
A1: (viii) for genes downregulated at 48hrs OSKM/Esrrb expressing cells compared to 48h OSKM expressing cells (RPKM)
A3: name | B3: MEFs | C3: 48h | D3: 48h_OSKMEsrrb | E3: pre-iPSC#1 | F3: pre-iPSC#2 | G3: ESCs | H3: pvalue | I3: padj
A4: Col1a1 | B4: 2596.8459 | C4: 988.77938 | D4: 296.04366 | E4: 11.925743 | F4: 20.14635 | G4: 28.398194 | H4: 6.0301418e-08 | I4: 1.1928848e-06
A5: Col1a2 | B5: 2398.1234 | C5: 1521.8986 | D5: 372.7543 | E5: 11.012637 | F5: 9.2561807 | G5: 30.729985 | H5: 7.0739941e-16 | I5: 8.2871088e-14
A6: Bgn | B6: 1533.1954 | C6: 887.88274 | D6: 433.49393 | E6: 18.789391 | F6: 26.533917 | G6: 54.851072 | H6: 4.1534853e-07 | I6: 6.3939673e-06
A7: Tagln | B7: 1509.9796 | C7: 716.64616 | D7: 201.79504 | E7: 19.711454 | F7: 6.8842824 | G7: 126.98441 | H7: 0.00056069762 | I7: 0.0032796046
A8: Serpinh1 | B8: 1438.1777 | C8: 992.64529 | D8: 436.22181 | E8: 220.59285 | F8: 148.33243 | G8: 59.806377 | H8: 7.6829076e-08 | I8: 1.4671245e-06
A9: Col3a1 | B9: 1126.3135 | C9: 640.39424 | D9: 240.8753 | E9: 4.2103428 | F9: 4.9731357 | G9: 6.5459563 | H9: 7.7721766e-07 | I9: 1.1096008e-05
A10: Lox | B10: 869.16953 | C10: 473.84276 | D10: 210.18041 | E10: 5.716328 | F10: 5.444521 | G10: 38.192305 | H10: 2.1376883e-06 | I10: 2.6831562e-05
A11: H19 | B11: 586.80203 | C11: 482.73306 | D11: 21.323432 | E11: 2.5085446 | F11: 5.4875685 | G11: 6.4880118 | H11: 4.0224055e-22 | I11: 1.1261372e-19
A12: Fstl1 | B12: 561.69049 | C12: 622.13011 | D12: 198.649 | E12: 301.44277 | F12: 188.44445 | G12: 28.095948 | H12: 8.8062753e-24 | I12: 2.7973472e-21
A13: Col5a1 | B13: 544.45086 | C13: 221.74544 | D13: 78.928223 | E13: 3.2980349 | F13: 4.5371417 | G13: 11.166903 | H13: 3.1366264e-10 | I13: 1.0976863e-08
A14: Cyr61 | B14: 527.10678 | C14: 468.10871 | D14: 229.86197 | E14: 248.6047 | F14: 304.88041 | G14: 86.036326 | H14: 6.9282826e-07 | I14: 1.004753e-05
A15: Ubb | B15: 430.19144 | C15: 692.97708 | D15: 199.06016 | E15: 856.65482 | F15: 783.6129 | G15: 1068.1673 | H15: 0.0001908046 | I15: 0.0013214719
... A1071: Fgf4 | B1071: 0 | C1071: 3.5211436 | D1071: 0.22346374 | E1071: 53.229121 | F1071: 13.219536 | G1071: 83.527698 | H1071: 4.4442131e-08 | I1071: 9.10788e-07

Sheet 48h_OSKMFra1_Upregulated
A1: (ix) for genes upregulated at 48hrs OSKM/Fra1 expressing cells compared to 48h OSKM expressing cells (RPKM)
A3: name | B3: MEFs | C3: 48h | D3: 48h_OSKMFra1 | E3: pre-iPSC#1 | F3: pre-iPSC#2 | G3: ESCs | H3: pvalue | I3: padj
A4: Fra1 | B4: 6.7731136 | C4: 2.4567576 | D4: 1073.4827 | E4: 12.553164 | F4: 1.6649869 | G4: 3.7909028 | H4: 8.5981472e-23 | I4: 1.308638e-18
A5: Cfd | B5: 0.008156159 | C5: 0.025694064 | D5: 5.7287487 | E5: 0 | F5: 0 | G5: 0 | H5: 0.0007845457 | I5: 0.011372177
A6: Krt14 | B6: 0.058955272 | C6: 0.051788631 | D6: 8.4018647 | E6: 10.662126 | F6: 5.6753502 | G6: 0.48272665 | H6: 1.673403e-06 | I6: 0.00015721725
A7: Marco | B7: 0.0075850224 | C7: 0.049283093 | D7: 5.9066781 | E7: 0.047042098 | F7: 0.69149012 | G7: 0.014344343 | H7: 5.3414578e-06 | I7: 0.000381676
A8: Snhg9 | B8: 0.15083694 | C8: 0.22678873 | D8: 26.8004 | E8: 0.085044231 | F8: 0.85233972 | G8: 0.044455146 | H8: 1.0237528e-08 | I8: 3.6236088e-06
A9: Eno1 | B9: 0.22324424 | C9: 0.071774474 | D9: 5.1778644 | E9: 0.66160676 | F9: 6.1302231 | G9: 1.3146558 | H9: 3.4599984e-09 | I9: 1.5488581e-06
A10: Eef1a2 | B10: 0.011038321 | C10: 0.11301433 | D10: 7.8654948 | E10: 0.019016489 | F10: 0.015247133 | G10: 0.20875015 | H10: 0.00012305007 | I10: 0.0031762337
A11: Gm5177 | B11: 0.013259594 | C11: 0.022713112 | D11: 1.4374901 | E11: 0.0020558909 | F11: 0.0082419112 | G11: 0.0010746753 | H11: 0.00027979598 | I11: 0.0055377045
A12: Saa3 | B12: 0.46312442 | C12: 2.4731686 | D12: 113.28894 | E12: 1.7072509 | F12: 2.4087024 | G12: 1.5933528 | H12: 1.9629471e-09 | I12: 9.958685e-07
A13: Krt18 | B13: 2.0971232 | C13: 0.23503875 | D13: 10.181161 | E13: 0.13339795 | F13: 0.044565191 | G13: 65.640182 | H13: 8.6814477e-06 | I13: 0.00054599849
A14: Cxcr2 | B14: 0.14431193 | C14: 0.14320557 | D14: 6.0439613 | E14: 0.53956833 | F14: 1.5377407 | G14: 0.39834323 | H14: 9.1972423e-08 | I14: 2.0380096e-05
A15: Krt8 | B15: 0.24329152 | C15: 0.30712058 | D15: 11.717751 | E15: 10.715255 | F15: 24.559 | G15: 98.72999 | H15: 6.2649538e-05 | I15: 0.0019985174
... A36: Slc7a14 | B36: 0.15272008 | C36: 0.15057005 | D36: 2.6006468 | E36: 2.25436 | F36: 12.118304 | G36: 0.32439936 | H36: 4.6233762e-10 | I36: 3.0186563e-07
A37: Mir330 | B37: 0.076817701 | C37: 0.090748552 | D37: 1.5639264 | E37: 2.7394222 | F37: 0.63664559 | G37: 0.29054613 | H37: 0.03959675 | I37: NA
A38: Ivl | B38: 0.64647494 | C38: 0.082605674 | D38: 1.2892937 | E38: 0.10637236 | F38: 0.098408939 | G38: 0.38495071 | H38: 0.0011583463 | I38: 0.01471622
A39: Gm16379 | B39: 0.061783934 | C39: 0.084217406 | D39: 1.306234 | E39: 0.19896001 | F39: 0.53174376 | G39: 0.11555812 | H39: 0.025394844 | I39: 0.10709602
A40: Vgf | B40: 0.2545746 | C40: 0.11031062 | D40: 1.6509133 | E40: 0.091440036 | F40: 0.10997286 | G40: 2.5779283 | H40: 1.1728901e-07 | I40: 2.4123496e-05
A41: Pbld1 | B41: 0.17951805 | C41: 0.12968527 | D41: 1.9325719 | E41: 0.62276406 | F41: 0.70643741 | G41: 0.30774263 | H41: 9.2393337e-08 | I41: 2.0380096e-05
A42: Serpine1 | B42: 658.32318 | C42: 72.145479 | D42: 985.13958 | E42: 39.581089 | F42: 12.893232 | G42: 141.25984 | H42: 8.7028935e-08 | I42: 1.9798683e-05
A43: Adra2a | B43: 2.5093782 | C43: 0.11542726 | D43: 1.4919224 | E43: 0.12078697 | F43: 0.057450523 | G43: 0.1455406 | H43: 0.0013748201 | I43: 0.016541313
A44: Phkg1 | B44: 0.17650711 | C44: 0.29644527 | D44: 3.7017342 | E44: 0.1252961 | F44: 0.51552107 | G44: 1.4512533 | H44: 1.2524028e-07 | I44: 2.5203995e-05
A45: D030025P21Rik | B45: 0.73491654 | C45: 0.14769782 | D45: 1.7636691 | E45: 0.010824104 | F45: 0 | G45: 0.058638294 | H45: 2.2576447e-06 | I45: 0.00019635059
A46: Msln | B46: 1.5091863 | C46: 12.51798 | D46: 148.98931 | E46: 104.46773 | F46: 145.71237 | G46: 2.3040377 | H46: 0.00017030683 | I46: 0.0040010547
A47: Pdlim3 | B47: 0.2003686 | C47: 0.15780357 | D47: 1.8453935 | E47: 0.002465636 | F47: 0.019769096 | G47: 1.1445087 | H47: 0.00011324976 | I47: 0.0029930786
A48: Cxcr6 | B48: 0.51433638 | C48: 0.25212725 | D48: 2.9147027 | E48: 0.0082213916 | F48: 0.049438405 | G48: 0.10529036 | H48: 0.00034417071 | I48: 0.0063599983
A49: Upk1b | B49: 0.61989728 | C49: 2.5287502 | D49: 28.590944 | E49: 1.247071 | F49: 0.03526923 | G49: 0.027592849 | H49: 0.0065877427 | I49: 0.045002443
... A494: Slc25a5 | B494: 178.01383 | C494: 222.81286 | D494: 446.60962 | E494: 446.89211 | F494: 194.43095 | G494: 540.45148 | H494: 0.00022122572 | I494: 0.0047791353

Sheet 48h_OSKMFra1_Downregulated
A1: (x) for genes downregulated at 48hrs OSKM/Fra1 expressing cells compared to 48h OSKM expressing cells (RPKM)
A3: name | B3: MEFs | C3: 48h | D3: 48h_OSKMFra1 | E3: pre-iPSC#1 | F3: pre-iPSC#2 | G3: ESCs | H3: pvalue | I3: padj
A4: Insm1 | B4: 0.00083037003 | C4: 1.4832073 | D4: 0 | E4: 4.5834394 | F4: 0.15484266 | G4: 0.87490728 | H4: 3.6318002e-06 | I4: 0.00028200153
A5: Emid2 | B5: 1.5334574 | C5: 1.6416821 | D5: 0 | E5: 0.0014383636 | F5: 0 | G5: 0.56691404 | H5: 0.00040211853 | I5: 0.0070672565
A6: Fcgr1 | B6: 2.3562374 | C6: 1.6568417 | D6: 0 | E6: 0.0090168564 | F6: 0.19278878 | G6: 0.047133787 | H6: 3.359309e-05 | I6: 0.0013211546
A7: Ccr5 | B7: 1.9399226 | C7: 1.8074448 | D7: 0 | E7: 0.0053188975 | F7: 0.010661529 | G7: 0.025023112 | H7: 0.0076764933 | I7: 0.049485908
A8: Cd180 | B8: 2.0756852 | C8: 1.9627073 | D8: 0 | E8: 0.27432797 | F8: 0.72423226 | G8: 0.04197055 | H8: 3.7985727e-07 | I8: 5.009179e-05
A9: Angptl1 | B9: 2.0785444 | C9: 2.2267236 | D9: 0 | E9: 0.0035532179 | F9: 0.099712072 | G9: 0.0092868627 | H9: 2.3725925e-05 | I9: 0.0010589694
A10: Ly86 | B10: 5.6077179 | C10: 2.839571 | D10: 0 | E10: 0.027317367 | F10: 0 | G10: 0.044878741 | H10: 3.0582246e-06 | I10: 0.00025296836
A11: BC055004 | B11: 1.9514974 | C11: 2.8605943 | D11: 0 | E11: 0.14640887 | F11: 0.10794337 | G11: 0.0052780872 | H11: 1.3383815e-07 | I11: 2.578502e-05
A12: Hist1h2af | B12: 3.0265783 | C12: 9.1498247 | D12: 0 | E12: 19.859775 | F12: 6.5090127 | G12: 11.788928 | H12: 3.8177711e-07 | I12: 5.009179e-05
A13: Ccl12 | B13: 14.396153 | C13: 12.781437 | D13: 0 | E13: 0.050812341 | F13: 0 | G13: 0.068300024 | H13: 6.6438731e-09 | I13: 2.661046e-06
A14: Fcrls | B14: 29.684016 | C14: 22.969669 | D14: 0.076978797 | E14: 0.11138829 | F14: 0.40737643 | G14: 0.11236591 | H14: 2.3412957e-12 | I14: 2.9695434e-09
A15: Pld4 | B15: 4.1928691 | C15: 3.6853332 | D15: 0.038742362 | E15: 0.14359275 | F15: 0.15771301 | G15: 0.24677326 | H15: 1.1020128e-08 | I15: 3.8119623e-06
... A442: LOC106740 | B442: 8.6582775 | C442: 6.0842122 | D442: 1.9721572 | E442: 7.0591792 | F442: 4.7883004 | G442: 4.5648856 | H442: 6.3619386e-06 | I442: 0.00044214021
A443: 41157 | B443: 3.8980233 | C443: 6.493289 | D443: 2.1054741 | E443: 4.9440769 | F443: 2.0076629 | G443: 1.9211533 | H443: 1.0920222e-07 | I443: 2.3084137e-05
A444: Ebf3 | B444: 5.253558 | C444: 6.3933737 | D444: 2.0748567 | E444: 0.87606309 | F444: 0.049684466 | G444: 0.10122551 | H444: 6.3867658e-05 | I444: 0.0020173401
A445: Zfp395 | B445: 5.3373983 | C445: 8.6928772 | D445: 2.8268274 | E445: 4.0637377 | F445: 14.170445 | G445: 4.4187196 | H445: 0.00392824 | I445: 0.031987451
A446: Etohi1 | B446: 3.1091226 | C446: 3.6419412 | D446: 1.1845673 | E446: 6.7359885 | F446: 1.2537603 | G446: 5.2110364 | H446: 0.0002517143 | I446: 0.0051771509
A447: Sema6d | B447: 0.65295242 | C447: 2.3004987 | D447: 0.74980479 | E447: 1.6661148 | F447: 0.12400038 | G447: 0.15235793 | H447: 0.0023008164 | I447: 0.022900254
A448: Spry1 | B448: 19.336321 | C448: 9.3290969 | D448: 3.0468301 | E448: 12.823927 | F448: 25.382472 | G448: 6.9051964 | H448: 0.0023953654 | I448: 0.023536127
A449: Xrn1 | B449: 5.8927737 | C449: 5.1534378 | D449: 1.6856062 | E449: 6.0069696 | F449: 5.0017359 | G449: 9.8544839 | H449: 0.0012595312 | I449: 0.015577536
A450: Pcmtd2 | B450: 10.424396 | C450: 24.62971 | D450: 8.0803606 | E450: 8.5432916 | F450: 9.6102822 | G450: 5.7902226 | H450: 0.0032051652 | I450: 0.028378484
A451: Six1 | B451: 14.025742 | C451: 12.615312 | D451: 4.1422915 | E451: 0.90953148 | F451: 3.5257965 | G451: 3.0867849 | H451: 9.1963166e-05 | I451: 0.0026162232
A452: Zfhx3 | B452: 3.4248075 | C452: 5.7294599 | D452: 1.8879566 | E452: 4.7984393 | F452: 16.965081 | G452: 2.2135872 | H452: 0.001193886 | I452: 0.015036264
A453: Fam122b | B453: 1.5708221 | C453: 4.0738995 | D453: 1.3438075 | E453: 15.976051 | F453: 8.8605965 | G453: 11.137691 | H453: 0.0050814585 | I453: 0.038079664
A454: Cntln | B454: 4.7684706 | C454: 5.0217692 | D454: 1.6591886 | E454: 1.5275554 | F454: 0.60788259 | G454: 0.83783641 | H454: 1.9411154e-06 | I454: 0.00017378692
A455: Gulp1 | B455: 29.367146 | C455: 27.821628 | D455: 9.1927971 | E455: 2.4121227 | F455: 1.5199486 | G455: 1.6948524 | H455: 0.0014474406 | I455: 0.017130673
... A870: Mylk | B870: 8.9507263 | C870: 4.2802157 | D870: 2.1393087 | E870: 0.5191684 | F870: 0.083891447 | G870: 0.12553498 | H870: 0.0051174824 | I870: 0.038254621
